{"cameraMode":{"drawMode":0,"name":"Shaded","section":"Shading Mode"},"sceneLighting":false,"audioPlay":false,"sceneViewState":{"m_AlwaysRefresh":false,"showFog":true,"showSkybox":false,"showFlares":true,"showImageEffects":true,"showParticleSystems":true,"showVisualEffectGraphs":true,"m_FxEnabled":true},"in2DMode":false,"pivot":{"x":675.853271484375,"y":57.017295837402347,"z":143.63497924804688},"rotation":{"x":-0.004359081387519836,"y":-0.7741243243217468,"z":-0.005344831384718418,"w":0.6330552101135254},"size":0.4090118706226349,"orthographic":false}